Sequence Name,Description,Sequence Data,Length,GC Content (%),RNA Transcript,Protein Translation,Molecular Weight
Sequence_1,Sequence_1,ATGGCATCACTGATTAGCGAGCTCGGTACGTAGTACGTAGTACGTAG,47,0.49,AUGGCAUCACUGAUUAGCGAGCUCGGUACGUAGUACGUAGUACGUAG,MASLISELGT*YVVR,N/A
Sequence_2,Sequence_2,CTAGTGTCACTAGCTAGCTGACGTAGCTAGCGTACGATCAGTACATG,47,0.49,CUAGUGUCACUAGCUAGCUGACGUAGCUAGCGUACGAUCAGUACAUG,LVSLAS*RS*RTIST,N/A
Sequence_3,Sequence_3,GCTAGCTAGCTAGCTAGCTAGCTAGCTAGCTAGCTAGCTAGCTAGCT,47,0.51,GCUAGCUAGCUAGCUAGCUAGCUAGCUAGCUAGCUAGCUAGCUAGCU,AS*LAS*LAS*LAS*,N/A
Sequence_4,Sequence_4,TACGATCGATCGATCGATCGATCGATCGATCGATCGATCGATCGATC,47,0.49,UACGAUCGAUCGAUCGAUCGAUCGAUCGAUCGAUCGAUCGAUCGAUC,YDRSIDRSIDRSIDR,N/A
Sequence_5,Sequence_5,ATGCTAGCTAGCTAGCTAGCTAGCTAGCTAGCTAGCTAGCTAGCTAG,47,0.49,AUGCUAGCUAGCUAGCUAGCUAGCUAGCUAGCUAGCUAGCUAGCUAG,MLAS*LAS*LAS*LA,N/A
Sequence_6,Sequence_6,TTAGCTAGCTAGCTAGCTAGCTAGCTAGCTAGCTAGCTAGCTAGCTA,47,0.47,UUAGCUAGCUAGCUAGCUAGCUAGCUAGCUAGCUAGCUAGCUAGCUA,LAS*LAS*LAS*LAS,N/A
Sequence_7,Sequence_7,CTAGCTAGCTAGCTAGCTAGCTAGCTAGCTAGCTAGCTAGCTAGCTA,47,0.49,CUAGCUAGCUAGCUAGCUAGCUAGCUAGCUAGCUAGCUAGCUAGCUA,LAS*LAS*LAS*LAS,N/A
Sequence_8,Sequence_8,GCTAGCTAGCTAGCTAGCTAGCTAGCTAGCTAGCTAGCTAGCTAGCT,47,0.51,GCUAGCUAGCUAGCUAGCUAGCUAGCUAGCUAGCUAGCUAGCUAGCU,AS*LAS*LAS*LAS*,N/A
Sequence_9,Sequence_9,ACTAGCTAGCTAGCTAGCTAGCTAGCTAGCTAGCTAGCTAGCTAGCTA,48,0.48,ACUAGCUAGCUAGCUAGCUAGCUAGCUAGCUAGCUAGCUAGCUAGCUA,TS*LAS*LAS*LAS*L,N/A
Sequence_10,Sequence_10,GTCGTCGTCGTCGTCGTCGTCGTCGTCGTCGTCGTCGTCGTCGTCGT,47,0.66,GUCGUCGUCGUCGUCGUCGUCGUCGUCGUCGUCGUCGUCGUCGUCGU,VVVVVVVVVVVVVVV,N/A
Sequence_11,Sequence_11,ATGATGCTAGCTAGCTAGCTAGCTAGCTAGCTAGCTAGCTAGCTAGC,47,0.49,AUGAUGCUAGCUAGCUAGCUAGCUAGCUAGCUAGCUAGCUAGCUAGC,MMLAS*LAS*LAS*L,N/A
Sequence_12,Sequence_12,TACGATCGATCGATCGATCGATCGATCGATCGATCGATCGATCGATC,47,0.49,UACGAUCGAUCGAUCGAUCGAUCGAUCGAUCGAUCGAUCGAUCGAUC,YDRSIDRSIDRSIDR,N/A
Sequence_13,Sequence_13,GCTAGCTAGCTAGCTAGCTAGCTAGCTAGCTAGCTAGCTAGCTAGCT,47,0.51,GCUAGCUAGCUAGCUAGCUAGCUAGCUAGCUAGCUAGCUAGCUAGCU,AS*LAS*LAS*LAS*,N/A
Sequence_14,Sequence_14,TACGATCGATCGATCGATCGATCGATCGATCGATCGATCGATCGATC,47,0.49,UACGAUCGAUCGAUCGAUCGAUCGAUCGAUCGAUCGAUCGAUCGAUC,YDRSIDRSIDRSIDR,N/A
Sequence_15,Sequence_15,ATGCTAGCTAGCTAGCTAGCTAGCTAGCTAGCTAGCTAGCTAGCTAG,47,0.49,AUGCUAGCUAGCUAGCUAGCUAGCUAGCUAGCUAGCUAGCUAGCUAG,MLAS*LAS*LAS*LA,N/A
Sequence_16,Sequence_16,GTCGTCGTCGTCGTCGTCGTCGTCGTCGTCGTCGTCGTCGTCGTCGT,47,0.66,GUCGUCGUCGUCGUCGUCGUCGUCGUCGUCGUCGUCGUCGUCGUCGU,VVVVVVVVVVVVVVV,N/A
Sequence_17,Sequence_17,CTAGTGTCACTAGCTAGCTGACGTAGCTAGCGTACGATCAGTACATG,47,0.49,CUAGUGUCACUAGCUAGCUGACGUAGCUAGCGUACGAUCAGUACAUG,LVSLAS*RS*RTIST,N/A
Sequence_18,Sequence_18,TTAGCTAGCTAGCTAGCTAGCTAGCTAGCTAGCTAGCTAGCTAGCTA,47,0.47,UUAGCUAGCUAGCUAGCUAGCUAGCUAGCUAGCUAGCUAGCUAGCUA,LAS*LAS*LAS*LAS,N/A
Sequence_19,Sequence_19,CTAGCTAGCTAGCTAGCTAGCTAGCTAGCTAGCTAGCTAGCTAGCTA,47,0.49,CUAGCUAGCUAGCUAGCUAGCUAGCUAGCUAGCUAGCUAGCUAGCUA,LAS*LAS*LAS*LAS,N/A
Sequence_20,Sequence_20,ACTAGCTAGCTAGCTAGCTAGCTAGCTAGCTAGCTAGCTAGCTAGCTA,48,0.48,ACUAGCUAGCUAGCUAGCUAGCUAGCUAGCUAGCUAGCUAGCUAGCUA,TS*LAS*LAS*LAS*L,N/A
